graph_name,vertex_count,edge_probability,num_3_cycles,num_4_cycles,total_cycles,h2_dimension,h2_agreement,cubical_time_sec,basic_time_sec,ratio_cubical_over_basic,fastest_method
erdos_renyi_100_0.043747904664888884,100,0.043747904664888884,3,25,28,0,agree,0.888824224472046,0.009856,90.1810,basic
erdos_renyi_100_0.05924148526774316,100,0.05924148526774316,46,173,219,0,agree,5.013273954391479,0.09368,53.5149,basic
erdos_renyi_101_0.06370174570761714,101,0.06370174570761714,39,209,248,6,agree,5.499264001846313,0.085665,64.1950,basic
erdos_renyi_102_0.05232883528372401,102,0.05232883528372401,23,83,106,0,agree,2.888191938400268,0.055375,52.1570,basic
erdos_renyi_103_0.038007833933062826,103,0.038007833933062826,6,16,22,0,agree,0.672810077667236,0.020545,32.7481,basic
erdos_renyi_103_0.04650483496117249,103,0.04650483496117249,19,54,73,0,agree,1.554386854171753,0.032685,47.5566,basic
erdos_renyi_103_0.06404701676005997,103,0.06404701676005997,43,191,234,3,agree,6.059205055236816,0.094734,63.9602,basic
erdos_renyi_104_0.0447141064847049,104,0.0447141064847049,18,50,68,0,agree,1.923074960708618,0.020913,91.9560,basic
erdos_renyi_104_0.050131329335110206,104,0.050131329335110206,21,121,142,0,agree,3.103668928146362,0.076298,40.6782,basic
erdos_renyi_105_0.06922246806014373,105,0.06922246806014373,45,196,241,2,agree,5.622421979904175,0.104686,53.7075,basic
erdos_renyi_106_0.03870945997907921,106,0.03870945997907921,20,44,64,0,agree,1.614090919494629,0.037502,43.0401,basic
erdos_renyi_106_0.04156131859759702,106,0.04156131859759702,23,85,108,0,agree,2.919836044311524,0.055,53.0879,basic
erdos_renyi_106_0.048117876662660895,106,0.048117876662660895,23,86,109,0,agree,2.381263017654419,0.055409,42.9761,basic
erdos_renyi_106_0.04813751326558044,106,0.04813751326558044,20,102,122,0,agree,3.016294956207276,0.049544,60.8811,basic
erdos_renyi_106_0.06974265102318675,106,0.06974265102318675,67,349,416,11,agree,9.999266147613525,0.154574,64.6892,basic
erdos_renyi_107_0.05142023221713278,107,0.05142023221713278,30,138,168,1,agree,4.503888130187988,0.066876,67.3469,basic
erdos_renyi_107_0.0545044744965142,107,0.0545044744965142,25,149,174,0,agree,3.886195182800293,0.130709,29.7317,basic
erdos_renyi_107_0.0599479428833444,107,0.0599479428833444,49,204,253,3,agree,5.268218994140625,0.092493,56.9580,basic
erdos_renyi_108_0.03415789706063938,108,0.03415789706063938,5,14,19,0,agree,1.064684152603149,0.012515,85.0726,basic
erdos_renyi_109_0.04278262316740315,109,0.04278262316740315,12,75,87,0,agree,2.202617883682251,0.042416,51.9289,basic
erdos_renyi_109_0.04895878373099983,109,0.04895878373099983,28,129,157,1,agree,4.032157182693482,0.063018,63.9842,basic
erdos_renyi_109_0.05237675378622915,109,0.05237675378622915,31,138,169,0,agree,4.202104091644287,0.09992,42.0547,basic
erdos_renyi_109_0.05521013937161892,109,0.05521013937161892,31,124,155,0,agree,3.698294878005982,0.113368,32.6220,basic
erdos_renyi_109_0.0569673731327707,109,0.0569673731327707,50,219,269,1,agree,5.992859840393066,0.113159,52.9596,basic
erdos_renyi_109_0.06656750279175994,109,0.06656750279175994,73,379,452,21,agree,10.575499057769775,0.200505,52.7443,basic
erdos_renyi_110_0.051523407570926945,110,0.051523407570926945,23,112,135,0,agree,3.34542179107666,0.075764,44.1558,basic
erdos_renyi_111_0.04778202010785318,111,0.04778202010785318,18,77,95,0,agree,3.422955989837646,0.056502,60.5811,basic
erdos_renyi_112_0.05601916579827232,112,0.05601916579827232,45,212,257,3,agree,5.917362928390503,0.140779,42.0330,basic
erdos_renyi_113_0.030748773103349905,113,0.030748773103349905,6,14,20,0,agree,4.136588096618652,0.180136,22.9637,basic
erdos_renyi_113_0.04736164628161427,113,0.04736164628161427,24,92,116,0,agree,2.587096929550171,0.051651,50.0880,basic
erdos_renyi_113_0.0493867567387572,113,0.0493867567387572,24,90,114,0,agree,3.064359188079834,0.054824,55.8945,basic
erdos_renyi_113_0.05667858411293731,113,0.05667858411293731,46,173,219,0,agree,5.683077812194824,0.107575,52.8290,basic
erdos_renyi_113_0.06747256142796515,113,0.06747256142796515,50,293,343,1,agree,8.23375916481018,0.136285,60.4157,basic
erdos_renyi_114_0.03254141996845973,114,0.03254141996845973,11,21,32,0,agree,1.58840012550354,0.034573,45.9434,basic
erdos_renyi_114_0.05775513469174201,114,0.05775513469174201,43,246,289,3,agree,6.654639959335327,0.107964,61.6376,basic
erdos_renyi_115_0.049970050795731524,115,0.049970050795731524,35,155,190,0,agree,4.656246185302734,0.084962,54.8039,basic
erdos_renyi_115_0.060359552100044164,115,0.060359552100044164,65,275,340,1,agree,7.503874063491821,0.144644,51.8782,basic
erdos_renyi_115_0.06773486774540935,115,0.06773486774540935,54,346,400,14,agree,9.720843076705933,0.19325,50.3019,basic
erdos_renyi_116_0.03923360946973366,116,0.03923360946973366,15,45,60,0,agree,2.087034940719604,0.087108,23.9592,basic
erdos_renyi_116_0.04654145140038256,116,0.04654145140038256,20,92,112,0,agree,2.904668092727661,0.054604,53.1952,basic
erdos_renyi_116_0.05668043077911815,116,0.05668043077911815,68,314,382,6,agree,9.520056009292603,0.185795,51.2396,basic
erdos_renyi_117_0.038691303450890786,117,0.038691303450890786,13,48,61,0,agree,1.853178977966308,0.029506,62.8069,basic
erdos_renyi_118_0.03806747283782963,118,0.03806747283782963,17,56,73,0,agree,2.349977016448974,0.05032,46.7007,basic
erdos_renyi_118_0.05586026685391181,118,0.05586026685391181,39,172,211,0,agree,5.271035194396973,0.116851,45.1090,basic
erdos_renyi_120_0.038303474263385276,120,0.038303474263385276,14,56,70,0,agree,2.114850997924805,0.040973,51.6157,basic
erdos_renyi_120_0.05512828030209997,120,0.05512828030209997,60,276,336,0,agree,7.948925018310547,0.264142,30.0934,basic
erdos_renyi_120_0.0552530128454876,120,0.0552530128454876,57,257,314,4,agree,8.598340034484863,0.124433,69.1002,basic
erdos_renyi_121_0.03129568737588382,121,0.03129568737588382,5,17,22,0,agree,0.899009227752686,0.016831,53.4139,basic
erdos_renyi_123_0.03852021373937346,123,0.03852021373937346,8,59,67,0,agree,1.912649869918823,0.0543,35.2238,basic
erdos_renyi_123_0.05823220314345823,123,0.05823220314345823,55,365,420,13,agree,11.527713060379028,0.172263,66.9193,basic
erdos_renyi_126_0.06084654028451745,126,0.06084654028451745,60,414,474,11,agree,12.577932119369507,0.272848,46.0987,basic
erdos_renyi_127_0.030431205175967885,127,0.030431205175967885,6,34,40,0,agree,1.603135108947754,0.029279,54.7538,basic
erdos_renyi_127_0.04236134979039109,127,0.04236134979039109,23,84,107,0,agree,3.556022882461548,0.146015,24.3538,basic
erdos_renyi_127_0.05584633174039236,127,0.05584633174039236,78,426,504,15,agree,12.738892078399658,0.254898,49.9764,basic
erdos_renyi_127_0.06832752052349017,127,0.06832752052349017,132,829,961,88,agree,24.796437978744507,0.667552,37.1453,basic
erdos_renyi_128_0.0391340968144952,128,0.0391340968144952,22,83,105,0,agree,3.284916877746582,0.072001,45.6232,basic
erdos_renyi_128_0.06885811236525224,128,0.06885811236525224,113,833,946,72,agree,27.590615034103394,0.585179,47.1490,basic
erdos_renyi_130_0.0679248290860963,130,0.0679248290860963,122,583,705,53,agree,20.70339012145996,0.379642,54.5340,basic
erdos_renyi_130_0.06920476807687746,130,0.06920476807687746,120,769,889,74,agree,24.35082197189331,0.572246,42.5531,basic
erdos_renyi_131_0.04541168622734097,131,0.04541168622734097,27,158,185,0,agree,5.204299926757812,0.105357,49.3968,basic
erdos_renyi_131_0.05732977040096465,131,0.05732977040096465,66,286,352,0,agree,10.038669109344482,0.384832,26.0858,basic
erdos_renyi_131_0.06790197766374365,131,0.06790197766374365,113,831,944,80,agree,26.476778984069824,0.543469,48.7181,basic
erdos_renyi_131_0.06894686425943411,131,0.06894686425943411,116,691,807,84,agree,22.744446992874146,0.506025,44.9473,basic
erdos_renyi_132_0.03583083913978341,132,0.03583083913978341,17,66,83,0,agree,3.169936180114746,0.116961,27.1025,basic
erdos_renyi_132_0.059028528521435496,132,0.059028528521435496,77,410,487,12,agree,14.032102823257446,0.20286,69.1714,basic
erdos_renyi_132_0.06897668027482812,132,0.06897668027482812,131,692,823,52,agree,23.312093019485474,0.470107,49.5889,basic
erdos_renyi_133_0.04805501342201941,133,0.04805501342201941,43,249,292,1,agree,8.525080919265747,0.139862,60.9535,basic
erdos_renyi_134_0.045250878300133406,134,0.045250878300133406,22,105,127,0,agree,4.626971960067749,0.0801,57.7649,basic
erdos_renyi_134_0.06006078532924522,134,0.06006078532924522,100,601,701,43,agree,17.88141894340515,0.359386,49.7555,basic
erdos_renyi_136_0.0379777760498218,136,0.0379777760498218,28,106,134,0,agree,4.994998216629028,0.096502,51.7606,basic
erdos_renyi_136_0.045246918570074804,136,0.045246918570074804,40,200,240,1,agree,6.901839971542358,0.176078,39.1976,basic
erdos_renyi_136_0.05596558356292432,136,0.05596558356292432,76,400,476,14,agree,13.304988145828249,0.19045,69.8608,basic
erdos_renyi_137_0.03224970947532786,137,0.03224970947532786,11,56,67,0,agree,5.691964149475098,0.266925,21.3242,basic
erdos_renyi_137_0.04705836823289826,137,0.04705836823289826,37,154,191,0,agree,6.048229932785034,0.095679,63.2138,basic
erdos_renyi_137_0.051697815016192625,137,0.051697815016192625,37,288,325,2,agree,9.391355037689207,0.169687,55.3452,basic
erdos_renyi_138_0.03653862669480595,138,0.03653862669480595,31,84,115,0,agree,3.637832880020142,0.066554,54.6599,basic
erdos_renyi_138_0.06262520896424559,138,0.06262520896424559,132,840,972,88,agree,27.74063777923584,0.650894,42.6193,basic
erdos_renyi_140_0.04052038980344532,140,0.04052038980344532,29,169,198,0,agree,6.120912790298462,0.120757,50.6879,basic
erdos_renyi_140_0.04895642418857578,140,0.04895642418857578,49,229,278,0,agree,8.593238830566406,0.139365,61.6599,basic
erdos_renyi_140_0.06676302769098807,140,0.06676302769098807,120,750,870,74,agree,25.722067832946777,1.010171,25.4631,basic
erdos_renyi_141_0.03547481677813521,141,0.03547481677813521,24,86,110,0,agree,4.139400005340576,0.098939,41.8379,basic
erdos_renyi_141_0.04153725378443829,141,0.04153725378443829,18,129,147,0,agree,4.572634935379028,0.145535,31.4195,basic
erdos_renyi_142_0.03262682725052561,142,0.03262682725052561,26,77,103,0,agree,3.694766998291016,0.062939,58.7039,basic
erdos_renyi_142_0.036312983086542586,142,0.036312983086542586,35,118,153,0,agree,4.610605001449585,0.075859,60.7786,basic
erdos_renyi_142_0.0478109742218493,142,0.0478109742218493,55,274,329,2,agree,10.27607798576355,0.174668,58.8321,basic
erdos_renyi_142_0.04885472551563796,142,0.04885472551563796,57,237,294,0,agree,10.14211392402649,0.219308,46.2460,basic
erdos_renyi_143_0.04102489716717332,143,0.04102489716717332,44,145,189,0,agree,6.515971899032593,0.092983,70.0770,basic
erdos_renyi_143_0.04336807115664109,143,0.04336807115664109,33,142,175,0,agree,5.749549865722656,0.120846,47.5775,basic
erdos_renyi_143_0.06553274994972705,143,0.06553274994972705,170,1073,1243,129,agree,38.165642976760864,0.877652,43.4861,basic
erdos_renyi_144_0.050974639383527524,144,0.050974639383527524,73,424,497,7,agree,14.48069190979004,0.331275,43.7120,basic
erdos_renyi_144_0.054961932809729525,144,0.054961932809729525,78,490,568,20,agree,18.662932872772217,0.287678,64.8744,basic
erdos_renyi_144_0.06047158910154353,144,0.06047158910154353,117,661,778,38,agree,24.678241968154907,0.480009,51.4120,basic
erdos_renyi_144_0.06890373879910242,144,0.06890373879910242,136,1051,1187,133,agree,36.33463096618652,0.929734,39.0807,basic
erdos_renyi_146_0.04719868911472793,146,0.04719868911472793,48,278,326,1,agree,11.517609119415283,0.214095,53.7967,basic
erdos_renyi_146_0.05994047269369384,146,0.05994047269369384,91,616,707,29,agree,21.198578119277958,0.777806,27.2543,basic
erdos_renyi_147_0.03118106513647198,147,0.03118106513647198,14,40,54,0,agree,2.317818880081177,0.048794,47.5021,basic
erdos_renyi_147_0.03449058046475881,147,0.03449058046475881,16,61,77,0,agree,3.042603969573974,0.067796,44.8788,basic
erdos_renyi_148_0.03516956612006823,148,0.03516956612006823,28,92,120,0,agree,4.165705919265747,0.072886,57.1537,basic
erdos_renyi_148_0.039629771753822894,148,0.039629771753822894,34,138,172,0,agree,6.409351110458374,0.136171,47.0684,basic
erdos_renyi_149_0.04403769149605368,149,0.04403769149605368,45,284,329,1,agree,9.55582618713379,0.156946,60.8861,basic
erdos_renyi_149_0.06890601998606113,149,0.06890601998606113,140,1198,1338,198,agree,47.40641808509827,1.019935,46.4798,basic
erdos_renyi_150_0.032509658957729,150,0.032509658957729,19,73,92,0,agree,4.152169942855835,0.087592,47.4035,basic
erdos_renyi_150_0.039790578513611674,150,0.039790578513611674,46,237,283,1,agree,9.727301120758057,0.137833,70.5731,basic
erdos_renyi_150_0.05704215594827845,150,0.05704215594827845,96,600,696,17,agree,22.229028940200806,0.48971,45.3922,basic
erdos_renyi_150_0.0648720054475329,150,0.0648720054475329,129,1057,1186,145,agree,37.42654204368591,1.443922,25.9201,basic
erdos_renyi_151_0.03138579066431079,151,0.03138579066431079,16,61,77,0,agree,3.105791091918946,0.068144,45.5769,basic
erdos_renyi_151_0.04637476221983572,151,0.04637476221983572,54,288,342,0,agree,11.935561895370483,0.154934,77.0364,basic
erdos_renyi_151_0.04842520261622936,151,0.04842520261622936,59,279,338,0,agree,10.948677062988281,0.175756,62.2948,basic
erdos_renyi_152_0.056400418991974885,152,0.056400418991974885,101,569,670,34,agree,21.195597887039185,0.527709,40.1653,basic
erdos_renyi_152_0.0604008372682829,152,0.0604008372682829,165,1170,1335,148,agree,45.468563079833984,0.993954,45.7451,basic
erdos_renyi_153_0.03926346360369132,153,0.03926346360369132,21,106,127,0,agree,5.031754970550537,0.106971,47.0385,basic
erdos_renyi_153_0.04155945943686607,153,0.04155945943686607,37,194,231,0,agree,7.536121129989624,0.115097,65.4763,basic
erdos_renyi_153_0.046734615055460636,153,0.046734615055460636,60,239,299,0,agree,9.948107957839966,0.184238,53.9960,basic
erdos_renyi_154_0.04033330115348161,154,0.04033330115348161,44,192,236,0,agree,9.16821813583374,0.133503,68.6742,basic
erdos_renyi_155_0.03058100220596967,155,0.03058100220596967,15,53,68,0,agree,3.03307294845581,0.076276,39.7644,basic
erdos_renyi_155_0.030751255281753268,155,0.030751255281753268,17,50,67,0,agree,3.107430934906006,0.071759,43.3037,basic
erdos_renyi_155_0.04608476561058221,155,0.04608476561058221,59,310,369,0,agree,12.131107807159424,0.224786,53.9674,basic
erdos_renyi_156_0.04791365610230769,156,0.04791365610230769,84,488,572,11,agree,19.546895027160645,0.343172,56.9595,basic
erdos_renyi_156_0.053582394588363357,156,0.053582394588363357,103,694,797,37,agree,26.57175898551941,0.976243,27.2184,basic
erdos_renyi_156_0.06093999157557521,156,0.06093999157557521,122,880,1002,94,agree,33.92371082305908,0.735124,46.1469,basic
erdos_renyi_156_0.06812238957028875,156,0.06812238957028875,222,1785,2007,324,agree,77.1390380859375,2.066098,37.3356,basic
erdos_renyi_158_0.030896277137542227,158,0.030896277137542227,21,75,96,0,agree,4.272494077682495,0.072538,58.9001,basic
erdos_renyi_158_0.06363430478355936,158,0.06363430478355936,200,1335,1535,168,agree,56.90506601333618,1.293741,43.9849,basic
erdos_renyi_159_0.0646170249211076,159,0.0646170249211076,188,1488,1676,225,agree,65.63670086860657,1.863771,35.2171,basic
erdos_renyi_161_0.043351933488855666,161,0.043351933488855666,46,290,336,0,agree,12.493335962295532,0.198339,62.9898,basic
erdos_renyi_161_0.05793848859012379,161,0.05793848859012379,140,920,1060,87,agree,38.690298080444336,1.013643,38.1696,basic
erdos_renyi_162_0.043453401395286306,162,0.043453401395286306,76,416,492,4,agree,17.14520001411438,0.325412,52.6877,basic
erdos_renyi_162_0.068664745639121,162,0.068664745639121,272,2444,2716,297,agree,105.65673899650574,3.94485,26.7835,basic
erdos_renyi_162_0.06973195332410428,162,0.06973195332410428,251,2306,2557,324,agree,98.76249289512634,3.501333,28.2071,basic
erdos_renyi_163_0.047041646720875976,163,0.047041646720875976,66,373,439,2,agree,16.16552996635437,0.357561,45.2106,basic
erdos_renyi_163_0.05160915970743509,163,0.05160915970743509,121,638,759,41,agree,27.781018018722538,0.514074,54.0409,basic
erdos_renyi_163_0.06868983050034065,163,0.06868983050034065,230,1904,2134,274,agree,80.07632184028625,3.532015,22.6716,basic
erdos_renyi_164_0.03708774219811166,164,0.03708774219811166,48,151,199,0,agree,8.951000928878784,0.150222,59.5852,basic
erdos_renyi_165_0.04104031051361656,165,0.04104031051361656,55,245,300,0,agree,12.361930131912231,0.168396,73.4099,basic
erdos_renyi_165_0.045546558869572304,165,0.045546558869572304,56,316,372,1,agree,14.76404619216919,0.255922,57.6896,basic
erdos_renyi_165_0.051012951058556466,165,0.051012951058556466,94,517,611,7,agree,24.287472963333126,0.835052,29.0850,basic
erdos_renyi_165_0.05389388849587024,165,0.05389388849587024,157,1089,1246,122,agree,47.5902738571167,0.978639,48.6290,basic
erdos_renyi_168_0.036765654569503876,168,0.036765654569503876,46,192,238,0,agree,9.442262887954712,0.196621,48.0227,basic
erdos_renyi_168_0.042379948699070455,168,0.042379948699070455,54,267,321,0,agree,12.69745397567749,0.182484,69.5812,basic
erdos_renyi_168_0.06159366654326422,168,0.06159366654326422,167,1346,1513,194,agree,59.87200593948364,1.588446,37.6922,basic
erdos_renyi_170_0.03203608158910847,170,0.03203608158910847,25,111,136,0,agree,6.05503511428833,0.113613,53.2953,basic
erdos_renyi_170_0.06257948777363315,170,0.06257948777363315,183,1628,1811,274,agree,71.64849209785461,1.928715,37.1483,basic
erdos_renyi_171_0.0435855528827973,171,0.0435855528827973,74,518,592,9,agree,22.580214023590088,0.474613,47.5761,basic
erdos_renyi_172_0.04002702835118991,172,0.04002702835118991,49,265,314,2,agree,13.772464990615845,0.268611,51.2729,basic
erdos_renyi_172_0.04438332841624804,172,0.04438332841624804,76,478,554,8,agree,22.314811944961548,0.470297,47.4483,basic
erdos_renyi_172_0.055971252297894,172,0.055971252297894,140,949,1089,86,agree,43.100342988967896,0.810865,53.1535,basic
erdos_renyi_172_0.06404473568217939,172,0.06404473568217939,209,1696,1905,266,agree,76.35006713867188,2.146513,35.5693,basic
erdos_renyi_172_0.06697978159909668,172,0.06697978159909668,258,1893,2151,320,agree,87.78371691703796,2.396594,36.6285,basic
erdos_renyi_173_0.03352551118880049,173,0.03352551118880049,29,150,179,0,agree,7.345211982727051,0.128809,57.0241,basic
erdos_renyi_173_0.03528792275795257,173,0.03528792275795257,49,190,239,0,agree,9.975934028625488,0.228213,43.7133,basic
erdos_renyi_173_0.055872373034688005,173,0.055872373034688005,148,1065,1213,123,agree,47.74373984336853,1.34948,35.3794,basic
erdos_renyi_173_0.05968564325660593,173,0.05968564325660593,190,1467,1657,173,agree,65.56267809867859,1.730595,37.8845,basic
erdos_renyi_175_0.06694378630339073,175,0.06694378630339073,289,2404,2693,316,agree,113.22485899925232,4.517607,25.0630,basic
erdos_renyi_176_0.04758093532435615,176,0.04758093532435615,98,577,675,14,agree,26.160708904266357,0.546344,47.8832,basic
erdos_renyi_176_0.06360579169479808,176,0.06360579169479808,242,2019,2261,344,agree,95.05687808990479,3.036154,31.3083,basic
erdos_renyi_178_0.038092786772831365,178,0.038092786772831365,75,260,335,1,agree,14.400365114212036,0.518193,27.7896,basic
erdos_renyi_178_0.04968857304340997,178,0.04968857304340997,94,567,661,2,agree,27.266467809677124,0.52571,51.8660,basic
erdos_renyi_179_0.030260654494738044,179,0.030260654494738044,27,122,149,0,agree,6.619041919708252,0.147406,44.9035,basic
erdos_renyi_179_0.036846373870940384,179,0.036846373870940384,38,240,278,0,agree,14.218707084655762,0.555763,25.5841,basic
erdos_renyi_179_0.0510903465493233,179,0.0510903465493233,115,687,802,17,agree,32.85491585731506,0.750887,43.7548,basic
erdos_renyi_179_0.06774080157969167,179,0.06774080157969167,265,2505,2770,443,agree,128.64323616027832,4.383808,29.3451,basic
erdos_renyi_180_0.06144194868291806,180,0.06144194868291806,241,1919,2160,312,agree,91.07324504852295,2.813986,32.3645,basic
erdos_renyi_180_0.06162202862033103,180,0.06162202862033103,247,2178,2425,328,agree,104.91816091537476,3.660372,28.6633,basic
erdos_renyi_181_0.032107598028968544,181,0.032107598028968544,38,126,164,0,agree,7.985702037811279,0.288074,27.7210,basic
erdos_renyi_182_0.030643618622231066,182,0.030643618622231066,26,107,133,0,agree,7.828963041305542,0.169081,46.3030,basic
erdos_renyi_182_0.04868239115071056,182,0.04868239115071056,71,530,601,9,agree,23.645545959472656,0.442974,53.3791,basic
erdos_renyi_182_0.04937663901485728,182,0.04937663901485728,106,672,778,13,agree,32.913995027542114,0.584863,56.2764,basic
erdos_renyi_182_0.06539356779150192,182,0.06539356779150192,270,2107,2377,382,agree,104.93562602996826,3.146564,33.3493,basic
erdos_renyi_183_0.045947410732184446,183,0.045947410732184446,93,550,643,11,agree,25.865848064422607,0.557705,46.3791,basic
erdos_renyi_183_0.056158998983561526,183,0.056158998983561526,177,1473,1650,230,agree,69.53820610046387,1.740015,39.9641,basic
erdos_renyi_184_0.04525393470865195,184,0.04525393470865195,83,479,562,2,agree,22.35559105873108,0.468093,47.7589,basic
erdos_renyi_184_0.04647666885804548,184,0.04647666885804548,93,534,627,8,agree,27.54499101638794,0.421521,65.3467,basic
erdos_renyi_184_0.052231169934850455,184,0.052231169934850455,166,1243,1409,191,agree,60.01434683799744,1.229136,48.8264,basic
erdos_renyi_185_0.06790391908186555,185,0.06790391908186555,340,3012,3352,454,agree,179.61514496803284,6.300161,28.5096,basic
erdos_renyi_185_0.06880844764004179,185,0.06880844764004179,360,3340,3700,442,agree,188.91334104537964,8.667273,21.7962,basic
erdos_renyi_186_0.056886192247705775,186,0.056886192247705775,246,1904,2150,313,agree,95.62299585342409,2.739102,34.9103,basic
erdos_renyi_186_0.06539311645039786,186,0.06539311645039786,338,2860,3198,489,agree,153.506530046463,5.750451,26.6947,basic
erdos_renyi_187_0.03184275181914615,187,0.03184275181914615,45,136,181,0,agree,9.66494107246399,0.203652,47.4581,basic
erdos_renyi_188_0.03502147178550743,188,0.03502147178550743,62,200,262,0,agree,12.5950288772583,0.282166,44.6369,basic
erdos_renyi_188_0.060411842336317884,188,0.060411842336317884,243,1990,2233,332,agree,110.41742086410524,2.669677,41.3598,basic
erdos_renyi_190_0.040905411651644706,190,0.040905411651644706,78,375,453,2,agree,19.65667986869812,0.379903,51.7413,basic
erdos_renyi_190_0.053416332667792873,190,0.053416332667792873,178,1293,1471,180,agree,65.14163708686829,1.51355,43.0390,basic
erdos_renyi_190_0.06085220154717416,190,0.06085220154717416,250,2179,2429,411,agree,115.1910879611969,3.552634,32.4241,basic
erdos_renyi_190_0.06236162680934473,190,0.06236162680934473,234,1890,2124,383,agree,98.80080103874207,3.150826,31.3571,basic
erdos_renyi_190_0.0631410284485074,190,0.0631410284485074,285,2483,2768,419,agree,144.70659208297727,4.095733,35.3311,basic
erdos_renyi_190_0.06409654526678067,190,0.06409654526678067,270,2618,2888,470,agree,150.68620014190674,4.659757,32.3378,basic
erdos_renyi_190_0.0653492393547484,190,0.0653492393547484,332,3060,3392,462,agree,170.1405520439148,6.460184,26.3368,basic
erdos_renyi_191_0.041655537555186764,191,0.041655537555186764,69,452,521,1,agree,23.58994698524475,0.373213,63.2077,basic
erdos_renyi_193_0.03235812922429484,193,0.03235812922429484,43,187,230,0,agree,11.629987955093384,0.413234,28.1438,basic
erdos_renyi_194_0.03974316241473025,194,0.03974316241473025,70,327,397,0,agree,19.675135135650635,0.397574,49.4880,basic
erdos_renyi_194_0.06259663275261615,194,0.06259663275261615,346,3207,3553,556,agree,185.3887438774109,10.718399,17.2963,basic
erdos_renyi_195_0.06472985712076007,195,0.06472985712076007,300,2890,3190,463,agree,151.2440469264984,6.917495,21.8640,basic
erdos_renyi_196_0.06919631895700339,196,0.06919631895700339,393,3939,4332,621,agree,239.72317790985107,12.126754,19.7681,basic
erdos_renyi_197_0.037019358706272217,197,0.037019358706272217,72,384,456,2,agree,20.73516297340393,0.382899,54.1531,basic
erdos_renyi_197_0.06719088408504453,197,0.06719088408504453,373,3715,4088,606,agree,214.64305400848386,11.714404,18.3230,basic
erdos_renyi_198_0.05378204575874025,198,0.05378204575874025,224,1609,1833,249,agree,88.59646797180176,2.279554,38.8657,basic
erdos_renyi_199_0.03967834707485919,199,0.03967834707485919,69,444,513,1,agree,24.394927978515625,0.436688,55.8635,basic
erdos_renyi_200_0.03779754280116404,200,0.03779754280116404,55,368,423,0,agree,20.258229970932007,0.390878,51.8275,basic
erdos_renyi_200_0.039685705717446916,200,0.039685705717446916,59,487,546,4,agree,25.517546892166138,0.455778,55.9868,basic
erdos_renyi_200_0.053952727073674885,200,0.053952727073674885,217,1744,1961,307,agree,93.82393002510071,2.599462,36.0936,basic
